Station full name,Abbreviation,State,Country,Latitude,Longitude,Elevation,Time period,Network,Owner,Comment,URL,Data availability,Tier,Instrument,Components
Abashiri,ABS,,Japan,44.0178,144.2797,38,2021-,BSRN,,Candidate station (no. 86),,Freely,1,Thermopile,G;B;D
Alert,ALE,Lincoln Sea,Canada,82.49,-62.42,127,2004-2014,BSRN,,,,Freely,1,Thermopile,G;B;D
Alice Springs,ASP,Northern Territory,Australia,-23.798,133.888,547,1995-,BSRN,,,,Freely,1,Thermopile,G;B;D
Barrow,BAR,Alaska,USA,71.323,-156.607,8,1992-,BSRN; ABO,NOAA,,https://gml.noaa.gov/obop/brw/,Freely,1,Thermopile,G;B;D
Bermuda,BER,Bermuda,USA,32.267,-64.667,8,1992-2013& 2016-,BSRN,,,,Freely,1,Thermopile,G;B;D
Billings,BIL,Oklahoma,USA,36.605,-97.516,317,1993-,BSRN,,,,Freely,1,Thermopile,G;B;D
Bondville,BON,Illinois,USA,40.05192,-88.37309,230,1995-,BSRN; SURFRAD,NOAA,,http://www.srrb.noaa.gov/surfrad/bondvill.html,Freely,1,Thermopile,G;B;D
Boulder,BOS,Colorado,USA,40.12498,-105.23680,1689,1995-,BSRN; SURFRAD,NOAA,,https://gml.noaa.gov/grad/surfrad/tablemt.html,Freely,1,Thermopile,G;B;D
Boulder,BOU,Colorado,USA,40.05,-105.007,1577,1992-2016,BSRN,,,,Freely,1,Thermopile,G;B;D
Brasilia,BRB,,Brazil,-15.601259,-47.713774,1023,2006-2015&2018-,BSRN;SONDA,INPE,SONDA station (2004-2019). No maintenance between 2016-2017.,http://sonda.ccst.inpe.br/basedados/brasilia.html,Freely,1,Thermopile,G;B;D;IR
Budapest-Lorinc,BUD,Budapest,Hungary,47.4291,19.1822,139.1,2019-,BSRN,,,,Freely,1,Thermopile,G;B;D
Cabauw,CAB,,Netherlands,51.9711,4.9267,0,2005-,BSRN,,,https://dataplatform.knmi.nl/dataset/cesar-bsrn-irraddown-la1-t1-v1-0,Freely,1,Thermopile,G;B;D
Camborne,CAM,,United Kingdom,50.2167,-5.3167,88,2001-,BSRN,,,https://epic.awi.de/id/eprint/40425/1/Camborne_BSRN_Station_Info.pdf,Freely,1,Thermopile,G;B;D
Cape Baranova,CAP,,Russia,79.27,101.75,,2016-,BSRN,,,,Freely,1,Thermopile,G;B;D
Carpentras,CAR,,France,44.083,5.059,100,1996-2018,BSRN,,,,Freely,1,Thermopile,G;B;D
Chesapeake Light,CLH,North Atlantic Ocean,USA,36.905,-75.713,37,2000-2016,BSRN,NASA,Closed due to structural issues,https://science.larc.nasa.gov/crave/,Freely,1,Thermopile,G;B;D
Cener,CNR,Navarra,Spain,42.816,-1.601,471,2009-,BSRN,,,,Freely,1,Thermopile,G;B;D
Cocos Island,COC,Cocos (Keeling) Islands,Australia,-12.193,96.835,6,2004-,BSRN,,,,Freely,1,Thermopile,G;B;D
De Aar,DAA,,South Africa,-30.6667,23.993,1287,2000-,BSRN,,,,Freely,1,Thermopile,G;B;D
Darwin,DAR,,Australia,-12.425,130.891,30,2002-2015,BSRN,,,,Freely,1,Thermopile,G;B;D
Concordia Station& Dome C,DOM,,Antarctica,-75.1,123.383,3233,2006,BSRN,,,,Freely,1,Thermopile,G;B;D
Dongsha Atoll,DON,,Taiwan,20.7,116.73,2,,BSRN,,Candidate,,Freely,1,Thermopile,G;B;D
Desert Rock,DRA,Nevada,USA,36.62373,-116.01947,1007,1994-,BSRN; SURFRAD,NOAA,,https://gml.noaa.gov/grad/surfrad/desrock.html,Freely,1,Thermopile,G;B;D
Darwin Met Office,DWN,,Australia,-12.424,130.8925,32,2008-,BSRN,,,,Freely,1,Thermopile,G;B;D
Southern Great Plains,E13,Oklahoma,USA,36.60406,-97.48525,314,1994-,BSRN; ARM,,,http://www.arm.gov/sites/sgp,Freely,1,Thermopile,G;B;D
Eastern North Atlantic,ENA,Azores,Portugal,39.0911,-28.0292,15.2,2015& -,BSRN; ARM,,Ongoing issues with calibration.,https://www.arm.gov/capabilities/observatories/ena/locations/c1,Freely,1,Thermopile,G;B;D
Eureka,EUR,Ellesmere Island,Canada,79.989,-85.9404,85,2007-2011,BSRN,,,https://en.wikipedia.org/wiki/Eureka&_Nunavut,Freely,1,Thermopile,G;B;D
Florianopolis,FLO;FLN,,Brazil,-27.6017,-48.5178,31,1994-2005&2013-,BSRN;SONDA,INPE,SONDA station (2004-2019). No maintenance between 2016-2017.,http://sonda.ccst.inpe.br/basedados/florianopolis.html,Freely,1,Thermopile,G;B;D;IR
Fort Peck,FPE,Montana,USA,48.30783,-105.10170,634,1995-,BSRN;SURFRAD,NOAA,,https://gml.noaa.gov/grad/surfrad/ftpeck.html,Freely,1,Thermopile,G;B;D
Fukuoka,FUA,,Japan,33.5822,130.3764,3,2010-,BSRN,,,https://epic.awi.de/id/eprint/36862/41/Fukuoka_old-and-new.pdf,Freely,1,Thermopile,G;B;D
Gandhinagar,GAN,,India,23.1101,72.6276,65,2014-2015& 2018-,BSRN,,,,Freely,1,Thermopile,G;B;D
Goodwin Creek,GCR,Mississippi,USA,34.2547,-89.8729,98,1995-,BSRN;SURFRAD,NOAA,,https://gml.noaa.gov/grad/surfrad/goodwin.html,Freely,1,Thermopile,G;B;D
Granite Island,GIM,Michigan,USA,46.721,-87.411,208,2019-,BSRN,NASA,,https://science.larc.nasa.gov/crave/,Freely,1,Thermopile,G;B;D
Gobabeb,GOB,Namib Desert,Namibia,-23.5614,15.042,407,2012-,BSRN,,,,Freely,1,Thermopile,G;B;D
Gurgaon,GUR,,India,28.4249,77.156,259,2014-2015& 2018-,BSRN,,,,Freely,1,Thermopile,G;B;D
Georg von Neumayer,GVN,Dronning Maud Island,Antarctica,-70.65,-8.25,42,1982-,BSRN,,Neumayer-station II from 1992-2009& Neumayer station III from 2009. BSRN FTP server only has data from 1992.,https://www.awi.de/en/science/long-term-observations/atmosphere/antarctic-neumayer.html,Freely,1,Thermopile,G;B;D
Howrah,HOW,,India,22.5535,88.3064,51,2014-2016& 2018-,BSRN,,,,Freely,1,Thermopile,G;B;D
Ilorin,ILO,,Nigeria,8.5333,4.5667,350,1992-2005,BSRN,,Station closed due to no funding,,Freely,1,Thermopile,G;B;D
Ishigakijima,ISH,,Japan,24.3367,124.1644,5.7,2010-,BSRN,,,,Freely,1,Thermopile,G;B;D
Izaña,IZA,Tenerife,Spain,28.3093,-16.4993,2372.9,2009-,BSRN,,,,Freely,1,Thermopile,G;B;D
Kwajalein,KWA,,Marshall Islands,8.72,167.731,10,1992-2017,BSRN,,,https://gml.noaa.gov/grad/sites/kwa.html,Freely,1,Thermopile,G;B;D
Lauder,LAU,,New Zealand,-45.045,169.689,350,1999-,BSRN,,,,Freely,1,Thermopile,G;B;D
Lerwick,LER,Shetland Island,United Kingdom,60.1389,-1.1847,80,2001-,BSRN,,,https://epic.awi.de/id/eprint/35071/1/Lerwick_site_info.pdf,Freely,1,Thermopile,G;B;D
Lindenberg,LIN,,Germany,52.21,14.122,125,1994-,BSRN,,,https://www.dwd.de/DE/forschung/atmosphaerenbeob/lindenbergersaeule/mol/mol_node.html,Freely,1,Thermopile,G;B;D
Lulin,LLN,,Taiwan,23.4686,120.8736,2862,2009-,BSRN,,Not on Pangea or FTP,http://lulin.tw/,Freely,1,Thermopile,G;B;D
Langley Research Center,LRC,Virginia,USA,37.1038,-76.3872,3,2014-,BSRN,NASA,,https://science.larc.nasa.gov/crave/,Freely,1,Thermopile,G;B;D
Lanyu Station,LYU,,Taiwan,22.037,121.5583,324,2018-,BSRN,,,,Freely,1,Thermopile,G;B;D
Momote,MAN,,Papua New Guinea,-2.058,147.425,6,1996-2013,BSRN,,,,Freely,1,Thermopile,G;B;D
Minamitorishima,MNM,Minami-Torishima,Japan,24.2883,153.9833,7.1,2010-,BSRN,,,https://epic.awi.de/id/eprint/36862/3/Minamitorishima.pdf,Freely,1,Thermopile,G;B;D
Marguele,MRS,,Romania,44.3439,26.0123,110,,BSRN,,Candidate Station (no. 88),,Freely,1,Thermopile,G;B;D
Nauru Island,NAU,,Nauru,-0.521,166.9167,7,1998-2013,BSRN,,,,Freely,1,Thermopile,G;B;D
Newcastle,NEW,,Australia,-32.8842,151.7289,18.5,2017-,BSRN,,,,Freely,1,Thermopile,G;B;D
Ny-Ålesund,NYA,Spitsberger,Norway,78.925,11.93,11,1992-,BSRN,,,https://www.awi.de/en/expedition/stations/awipev-research-base.html,Freely,1,Thermopile,G;B;D
Observatory of Huancayo,OHY,,Peru,-12.05,-75.32,3314,2017-,BSRN,,,,Freely,1,Thermopile,G;B;D
Palaiseau& SIRTA Observatory,PAL,,France,48.713,2.208,156,2003-,BSRN,,,,Freely,1,Thermopile,G;B;D
Paramaribo,PAR,,Surinam,5.806,-55.2146,4,2019-,BSRN,,,,Freely,1,Thermopile,G;B;D
Payerne,PAY,,Switzerland,46.8123,6.9422,491,1992-,BSRN,MeteoSwiss,,,Freely,1,Thermopile,G;B;D
Rock Springs,PSU,Pennsylvania,USA,40.72012,-77.93085,376,1998-,BSRN;SURFRAD,NOAA,SURFRAD station known as Penn State,https://gml.noaa.gov/grad/surfrad/pennstat.html,Freely,1,Thermopile,G;B;D
Petrolina,PTR,,Brazil,-9.068,-40.319,387,2006-,BSRN;SONDA,INPE,SONDA station (2004-2019). No maintenance between 2016-2017.,http://sonda.ccst.inpe.br/basedados/petrolina.html,Freely,1,Thermopile,G;B;D;IR
Regina,REG,,Canada,50.205,-104.713,578,1995-2011,BSRN,,,,Freely,1,Thermopile,G;B;D
Rolim de Moura,RLM,,Brazil,-11.582,-61.773,252,2007,BSRN,,Only two months of data available.,,Freely,1,Thermopile,G;B;D
Reunion Island & University,RUN,,Reunion,-20.9014,55.4836,116,2019-,BSRN,,,,Freely,1,Thermopile,G;B;D
Sapporo,SAP,,Japan,43.06,141.3286,17.2,2010-2020,BSRN,,,https://epic.awi.de/id/eprint/36862/28/Sapporo.pdf,Freely,1,Thermopile,G;B;D
Sede Boqer,SBO,,Israel,30.8597,34.7794,500,2003-2012,BSRN,,,,Freely,1,Thermopile,G;B;D
Selegua& Mexico Solarimetric Station,SEL,,Mexico,15.784,-91.9902,602,2020-,BSRN,,,,Freely,1,Thermopile,G;B;D
São Martinho da Serra,SMS,,Brazil,-29.4428,-53.8231,489,2006-,BSRN;SONDA,INPE,SONDA station (2005-2019). No maintenance between 2016-2017.,http://sonda.ccst.inpe.br/basedados/saomartinho.html,Freely,1,Thermopile,G;B;D;IR
Sonnblick,SON,,Austria,47.054,12.9577,3108.9,2013-,BSRN;ARAD,,,https://www.sonnblick.net/en/,Freely,1,Thermopile,G;B;D
Solar Village,SOV,,Saudi Arabia,24.91,46.41,650,1998-2003,BSRN; AERONET,NREL;KACST,,https://www.nrel.gov/grid/solar-resource/saudi-arabia.html,Freely,1,Thermopile,G;B;D
South Pole,SPO,,Antarctica,-89.983,-24.799,2800,1992-,BSRN; ABO,NOAA,,https://gml.noaa.gov/obop/spo/,Freely,1,Thermopile,G;B;D
Sioux Falls,SXF,South Dakota,USA,43.73403,-96.62328,473,2003-,BSRN; SURFRAD,NOAA,,https://gml.noaa.gov/grad/surfrad/siouxfalls.html,Freely,1,Thermopile,G;B;D
Syowa,SYO,,Antarctica,-69.005,39.589,18,1994-,BSRN,AWI,,https://epic.awi.de/id/eprint/47515/,Freely,1,Thermopile,G;B;D
Tamanrasset,TAM,,Algeria,22.7903,5.5292,1385,2000-,BSRN,,No DIR and DIF data at TAM since 2018: Due to a broken tracker which could not yet be replaced the DIR and DIF data at Tamanrasset is missing since February 2018.,,Freely,1,Thermopile,G;B;D
Tateno,TAT,,Japan,36.0581,140.1258,25,1996-,BSRN,JMA,,https://epic.awi.de/id/eprint/36862/27/Tateno.pdf,Freely,1,Thermopile,G;B;D
Tiksi,TIK,Siberia,Russia,71.5862,128.9188,48,2010-,BSRN,,,,Freely,1,Thermopile,G;B;D
Tiruvallur,TIR,,India,13.0923,79.9738,36,2014-,BSRN,,,,Freely,1,Thermopile,G;B;D
Terra Nova Bay,TNB,,Antarctica,-74.6223,164.2283,28,,BSRN,,Candidate Station (no. 89),,Freely,1,Thermopile,G;B;D
Toravere,TOR,,Estonia,58.254,26.462,70,1999-,BSRN,,,https://gml.noaa.gov/grad/meetings/BSRN2018_documents/2018_%20BSRN_poster_EST_Rosin.pdf,Freely,1,Thermopile,G;B;D
Xianghe,XIA,,China,39.754,116.962,32,2005-2016,BSRN,,Station obstructed& no longer in BSRN since 2016,,Freely,1,Thermopile,G;B;D
Yushan Station,YUS,,Taiwan,23.4876,120.9595,3858,2018-,BSRN,,,,Freely,1,Thermopile,G;B;D
Albuquerque,ABQ,New Mexico,USA,35.03796,-106.62211,1617,1995-,SOLRAD,NOAA,,https://gml.noaa.gov/grad/solrad/abq.html,Freely,1,Thermopile,G;B;D
Bismarck,BIS,North Dakota,USA,46.77179,-100.75955,503,1995-,SOLRAD,NOAA,,https://gml.noaa.gov/grad/solrad/bis.html,Freely,1,Thermopile,G;B;D
Hanford,HNX,California,USA,36.31357,-119.63164,73,1995-,SOLRAD,NOAA,,https://gml.noaa.gov/grad/solrad/hnx.html,Freely,1,Thermopile,G;B;D
Madison,MSN,Wisconsin,USA,43.0725,-89.41133,271,1996-,SOLRAD,NOAA,Madison station file format changed after Jun 2009 (https://gml.noaa.gov/aftp/data/radiation/solrad/README_SOLRAD.txt),https://gml.noaa.gov/grad/solrad/msn.html,Freely,1,Thermopile,G;B;D
Oak Ridge,ORT,Tennessee,USA,35.96101,-84.28838,334,1995-2007,SOLRAD,NOAA,,https://gml.noaa.gov/grad/solrad/ort.html,Freely,1,Thermopile,G;B;D
Salt Lake City,SLC,Utah,USA,40.7722,-111.95495,1288,1995-,SOLRAD,NOAA,,https://gml.noaa.gov/grad/solrad/slc.html,Freely,1,Thermopile,G;B;D
Seattle,SEA,Washington,USA,47.68685,-122.25667,20,1995-,SOLRAD,NOAA,,https://gml.noaa.gov/grad/solrad/sea.html,Freely,1,Thermopile,G;B;D
Sterling,STE,Virginia,USA,38.97203,-77.48690,85,1995-,SOLRAD,NOAA,Site location pre Oct 28& 2014 (38.97673& -77.48379),https://gml.noaa.gov/grad/solrad/ste.html,Freely,1,Thermopile,G;B;D
Tallahassee,TLH,Florida,USA,30.39675,-84.32955,18,1995-2002,SOLRAD,NOAA,,https://gml.noaa.gov/grad/solrad/tlh.html,Freely,1,Thermopile,G;B;D
Portland,PT,Oregon,USA,45.51,-122.69,70,2004-,SRML,University of Oregon,5-min data between 2004 and 2011.,http://solardata.uoregon.edu/PortlandPV.html,Freely,2,RSR,
Burns,BU,Oregon,USA,43.52,-119.02,1265,1994-,SRML,University of Oregon,5 min data from 1994 to 2011.,http://solardata.uoregon.edu/Burns.html,Freely,1,Thermopile,G;B;D
Silver lake,SL,Oregon,USA,43.12,-121.06,1355,2002-,SRML,University of Oregon,Only 5 minute data?,http://solardata.uoregon.edu/SilverLake.html,Freely,2,RSR,
Ashland,AS,Oregon,USA,42.19,-122.7,595,2000-,SRML,University of Oregon,5-minute data from 2000 to 2018.,http://solardata.uoregon.edu/Ashland.html,Freely,2,RSR,
Seattle,ST,Washington,USA,47.654,-122.309,70,2015-,SRML,University of Oregon,,http://solardata.uoregon.edu/Seattle_UW.html,Freely,1,Thermopile,G;B;D
Eugene,EU,Oregon,USA,44.0468,-123.0742,150,1977-,SRML,University of Oregon,Has tilted irradiance measurements and some spectral data.,http://solardata.uoregon.edu/Eugene.html,Freely,1,Thermopile,G;B;D
Hermiston,HE,Oregon,USA,45.82,-119.28,180,1979-,SRML,University of Oregon,Also has a RSR.,http://solardata.uoregon.edu/Hermiston.html,Freely,1,Thermopile,G;B;D
DTU Climate Station,DTU,Capital region,Denmark,55.7906,12.5251,,2014-,None,Technical University of Denmark,,http://climatestationdata.byg.dtu.dk/,Freely,1,Thermopile,
DTU Risø,RIS,Region Zealand,Denmark,55.6943,12.1017,,,None,Technical University of Denmark,Also has spectral measurements.,https://www.fotonik.dtu.dk/english/research-groups/photovoltaic-materials-and-systems/research-kort,Freely,1,Thermopile,
University of KwaZulu-Natal Howard College,UKZN,Durban,South Africa,-29.87097931,30.97694969,150,2015-2021,SAURAN,,Roof of Desmond Clarence building. Permanently offline.,https://sauran.ac.za/station-documents/KZH/KZH%20Station%20Details.pdf,Freely,1,Thermopile,
University of KwaZulu-Natal Westville,ZUL,Durban,South Africa,-29.81694031,30.94491959,200,2015-2020,SAURAN,,Roof of Physics building. Permanently offline.,,Freely,1,Thermopile,
Stellenbosch University,STB,Stellenbosch,South Africa,-33.92810059,18.86540031,119,2010-,SAURAN,,Roof of Engineering building,https://sauran.ac.za/station-documents/SUN/SUN%20Station%20Details.pdf,Freely,1,Thermopile,
GIZ University of Pretoria,UOP,Pretoria,South Africa,-25.75308037,28.22859001,1410,2013-,SAURAN,,Roof of university building. Also has acronym UPR.,https://sauran.ac.za/station-documents/UPR/UPR%20Station%20Details.pdf,Freely,,,
GIZ Vanrhynsdorp,RVLD,Vanrhynsdorp,South Africa,-31.61747932,18.73834038,130,2016-2019,SAURAN,,Inside enclosure on rural farmland. Permanently offline. Also goes by the acronym VAN.,https://sauran.ac.za/station-documents/VAN/VAN%20Station%20Details.pdf,Freely,,,
GIZ University of Free State,UFS,Bloemfontein,South Africa,-29.11074066,26.18502998,1491,2014-2017,SAURAN,,Roof of Physics building. Permanently offline.,https://sauran.ac.za/station-documents/UFS/UFS%20Station%20Details.pdf,Freely,1,Thermopile,G;B;D
GIZ Graaff-Reinet,GRN,Graaff-Reinet,South Africa,-32.48546982,24.58581924,660,2013-2016,SAURAN,,Inside enclosure on rural farmland. Permanently offline.,https://sauran.ac.za/station-documents/GRT/GRT%20Station%20Details.pdf,Freely,,,
Nelson Mandela University,NMU,Port Elizabeth,South Africa,-34.0085907,25.66526031,35,2015-2021,SAURAN,,Roof of Solar Outdoor Research Facility. Permanently offline. Is this really correct? Check what data comes in?,https://sauran.ac.za/station-documents/NMU/NMU%20Station%20Details.pdf,Freely,1,Thermopile,G;B;D
GIZ Richtersveld,RVLD,Alexander Bay,South Africa,-28.56084061,16.76145935,141,2014-,SAURAN,,Inside enclosure in desert region,https://sauran.ac.za/station-documents/RVD/RVD%20Station%20Details.pdf,Freely,1,Thermopile,G;B;D
Mangosuthu University of Technology,MUT,Umlazi,South Africa,-29.97020912,30.91490936,95,2015-2021,SAURAN,,Roof of lecture complex. Diffuse with shadow band. Pyrheliometer on Eppley one-axis tracker. Permanently offline.,https://sauran.ac.za/station-documents/STA/STA%20Station%20Details.pdf,Freely,2,Thermopile.,G;B
Eskom Sutherland,SALT,Sutherland,South Africa,-32.22199249,20.34777451,1450,2016-2017,SAURAN,,Permanently offline. Karoo scrubland.,https://sauran.ac.za/station-documents/SUT/SUT%20Station%20Details.pdf,Freely,1,Thermopile,G;B;D
USAid Gaborone,GAB,Gaborone,Botswana,-24.6609993,25.93400002,1014,2014-2020,SAURAN,,Roof of building in University of Botswana,https://sauran.ac.za/,Freely,1,Thermopile,G;B;D
USAid Venda,VEN,Vuwani,South Africa,-23.13100052,30.42399979,628,2015-,SAURAN,,Vuwani Science Research Centre,https://sauran.ac.za/,Freely,1,Thermopile,G;B;D
University of Zululand,ZUL,KwaDlangezwa,South Africa,-28.85289955,31.85161018,90,2013-,SAURAN,,Roof of university building,https://sauran.ac.za/,Freely,1,Thermopile,G;B;D
USAid Namibian University of Science and Technology,NUST,Windhoek,Namibia,-22.56500053,17.07500076,1683,2016-,SAURAN,,Roof of Engineering Building,https://sauran.ac.za/,Freely,1,Thermopile,G;B;D
USAid University of Fort Hare,UFH,Alice,South Africa,-32.78461075,26.84519958,540,2017-,SAURAN,,Roof of Zoology Department,https://sauran.ac.za/,Freely,1,Thermopile,G;B;D
GIZ Murraysburg,MRB,Murraysburg,South Africa,-31.89009094,24.05623055,1548,2017-2019,SAURAN,,Permanently offline. Inside enclosure on rural farmland.,https://sauran.ac.za/,Freely,1,Thermopile,G;B;D
Mariendal,HELIO,Mariendal,South Africa,-33.85412979,18.82444954,178,2015-2020,SAURAN,,Permanently offline. Installed on a container.,https://sauran.ac.za/,Freely,1,Thermopile,G;B;D
Eskom Sutherland SALT,,Sutherland,South Africa,-32.37778091,20.8116703,1761,2017-2020,SAURAN,,Permanently offline. Karoo scrubland.,https://sauran.ac.za/,Freely,1,Thermopile,G;B;D
CSIR Energy Centre,CSIR,Pretoria,South Africa,-25.746519,28.278739,1400,2017-,SAURAN,,Roof of building,https://sauran.ac.za/,Freely,1,Thermopile,G;B;D
Central University of Technology,CUT,Bloemfontein,South Africa,-29.121337,26.215909,1397,2017-,SAURAN,,Roof of the Engineering building,https://sauran.ac.za/station-documents/CUT/CUT%20Station%20Details.pdf,Freely,1,Thermopile,G;B;D
University of KwaZulu-Natal Pietermaritzburg,,Pietermaritzburg,South Africa,-29.621226,30.397038,680,2021-,SAURAN,,Rooftop,https://sauran.ac.za/,Freely,1,Thermopile,G;B;D
Anmyeondo GAW station,AMY,,South Korea,36.53,126.32,47,1999-,WMO GAW,,Also measured upwards shortwave and longwave irradiance and has a skyradiometer and a Brewer.,,,,,
Jeju Gosan GAW station,JGS,,South Korea,33.3,126.21,52,2008-,WMO GAW,,The station also has a sky radiometer.,,,,,
Weather Station De Veenkampen,,Wageningen,Netherlands,51.9812,5.6202,,2010-,None,Wageningen University,The quality of the radiation measurements are questionable.,https://ruisdael-observatory.nl/veenkampen/,,1,Thermopile,G;B;D
Kiruna,,,Sweden,67.842,20.41,424,1983-,SMHI,SMHI,,"https://www.smhi.se/data/meteorologi/ladda-ner-meteorologiska-observationer/#param=globalIrradians,stations=all",Upon request,1,Thermopile,G;B;D
Norrköping,,,Sweden,58.582,16.148,43,1983-,SMHI,SMHI,,"https://www.smhi.se/data/meteorologi/ladda-ner-meteorologiska-observationer/#param=globalIrradians,stations=all",Upon request,1,Thermopile,G;B;D
Visby,,,Sweden,57.673,18.345,49,1983-,SMHI,SMHI,,"https://www.smhi.se/data/meteorologi/ladda-ner-meteorologiska-observationer/#param=globalIrradians,stations=all",Upon request,1,Thermopile,G;B;D
Luleå,,,Sweden,65.544,22.111,32,1983-2007,SMHI,SMHI,,https://www.smhi.se/polopoly_fs/1.166869!/Meteorologi_148%20Upgrade%20of%20SMHI%E2%80%99s%20meteorological%20radiation%20netwrok%202006-2007%20-%20Effects%20on%20direct%20and%20global%20solar%20radiation.pdf,Upon request,2,Thermopile,G;B
Umeå,,,Sweden,63.811,20.240,23,1983-2008,SMHI,SMHI,,https://www.smhi.se/polopoly_fs/1.166869!/Meteorologi_148%20Upgrade%20of%20SMHI%E2%80%99s%20meteorological%20radiation%20netwrok%202006-2007%20-%20Effects%20on%20direct%20and%20global%20solar%20radiation.pdf,Upon request,2,Thermopile,G;B
Östersund,,,Sweden,63.197,14.48,374,1983-2009,SMHI,SMHI,,https://www.smhi.se/polopoly_fs/1.166869!/Meteorologi_148%20Upgrade%20of%20SMHI%E2%80%99s%20meteorological%20radiation%20netwrok%202006-2007%20-%20Effects%20on%20direct%20and%20global%20solar%20radiation.pdf,Upon request,2,Thermopile,G;B
Borlänge,,,Sweden,60.488,15.43,164,1983-2010,SMHI,SMHI,,https://www.smhi.se/polopoly_fs/1.166869!/Meteorologi_148%20Upgrade%20of%20SMHI%E2%80%99s%20meteorological%20radiation%20netwrok%202006-2007%20-%20Effects%20on%20direct%20and%20global%20solar%20radiation.pdf,Upon request,2,Thermopile,G;B
Karlstad,,,Sweden,59.359,13.472,46,1983-2011,SMHI,SMHI,,https://www.smhi.se/polopoly_fs/1.166869!/Meteorologi_148%20Upgrade%20of%20SMHI%E2%80%99s%20meteorological%20radiation%20netwrok%202006-2007%20-%20Effects%20on%20direct%20and%20global%20solar%20radiation.pdf,Upon request,2,Thermopile,G;B
Stockholm,,,Sweden,59.353,18.063,30,1983-2012,SMHI,SMHI,,https://www.smhi.se/polopoly_fs/1.166869!/Meteorologi_148%20Upgrade%20of%20SMHI%E2%80%99s%20meteorological%20radiation%20netwrok%202006-2007%20-%20Effects%20on%20direct%20and%20global%20solar%20radiation.pdf,Upon request,2,Thermopile,G;B
Göteborg,,,Sweden,57.708,11.992,30,1983-2013,SMHI,SMHI,,https://www.smhi.se/polopoly_fs/1.166869!/Meteorologi_148%20Upgrade%20of%20SMHI%E2%80%99s%20meteorological%20radiation%20netwrok%202006-2007%20-%20Effects%20on%20direct%20and%20global%20solar%20radiation.pdf,Upon request,2,Thermopile,G;B
Växjö,,,Sweden,56.927,14.731,182,1983-2014,SMHI,SMHI,,https://www.smhi.se/polopoly_fs/1.166869!/Meteorologi_148%20Upgrade%20of%20SMHI%E2%80%99s%20meteorological%20radiation%20netwrok%202006-2007%20-%20Effects%20on%20direct%20and%20global%20solar%20radiation.pdf,Upon request,2,Thermopile,G;B
Lund,,,Sweden,55.714,13.212,85,1983-2015,SMHI,SMHI,,https://www.smhi.se/polopoly_fs/1.166869!/Meteorologi_148%20Upgrade%20of%20SMHI%E2%80%99s%20meteorological%20radiation%20netwrok%202006-2007%20-%20Effects%20on%20direct%20and%20global%20solar%20radiation.pdf,Upon request,2,Thermopile,G;B
Tataouine,,,Tunisia,32.974,10.485,210,2011-,enerMENA,CRTEn,,https://www.dlr.de/sf/en/desktopdefault.aspx/tabid-8680/12865_read-32404/,,,Thermopile,
Ma'an,,,Jordan,30.172,35.818,1012,2011-,enerMENA,University of Jordan,,https://www.dlr.de/sf/en/desktopdefault.aspx/tabid-8680/12865_read-32404/,,,Thermopile,
Oujda,,,Morocco,34.65,-1.9,617,2011-,enerMENA,University of oujda,,https://www.dlr.de/sf/en/desktopdefault.aspx/tabid-8680/12865_read-32404/,,,Thermopile,
Cairo,,,Egypt,30.036,31.009,104,2012-,enerMENA,Cairo University,,https://www.dlr.de/sf/en/desktopdefault.aspx/tabid-8680/12865_read-32404/,,1,Thermopile,G;B;D
Adrar,,,Algeria,27.88,-0.274,262,2012-,enerMENA,CDER,,https://www.dlr.de/sf/en/desktopdefault.aspx/tabid-8680/12865_read-32404/,,,Thermopile,
Ghardaia,,,Algeria,32.386,3.78,463,2012-,enerMENA,CDER,,https://www.dlr.de/sf/en/desktopdefault.aspx/tabid-8680/12865_read-32404/,,,Thermopile,
Missour,,,Morocco,32.86,-4.107,1107,2013-,enerMENA,IRESEN,,https://www.dlr.de/sf/en/desktopdefault.aspx/tabid-8680/12865_read-32404/,,,Thermopile,
Erfoud,,,Morocco,31.491,-4.218,859,2013-,enerMENA,IRESEN,,https://www.dlr.de/sf/en/desktopdefault.aspx/tabid-8680/12865_read-32404/,,,RSI,
Zagora,,,Morocco,30.272,-5.852,783,2013-,enerMENA,IRESEN,,https://www.dlr.de/sf/en/desktopdefault.aspx/tabid-8680/12865_read-32404/,,,RSI,
Tan-Tan,,,Morocco,28.498,-11.322,75,2013-,enerMENA,IRESEN,,https://www.dlr.de/sf/en/desktopdefault.aspx/tabid-8680/12865_read-32404/,,,Thermopile,
Ciudad Universitaria,UNAM,Mexico City,Mexico,19.3262,-99.176,2284,2015-,,,,http://areas.geofisica.unam.mx/solarimetrico/estaciones.html,,,,
Coeneo,COE,Michoacán,Mexico,19.8137,-101.6946,1990,2015-,,,,http://areas.geofisica.unam.mx/solarimetrico/estaciones.html,,,,
Ciudad Cuahutémoc,CDC,Chihuahua,Mexico,28.4504,-106.7942,2112,2015-,,,,http://areas.geofisica.unam.mx/solarimetrico/estaciones.html,,,,
Gómez Palacio,VEN,Durango,Mexico,24.9568,-104.5704,1877,2015-,,,,http://areas.geofisica.unam.mx/solarimetrico/estaciones.html,,,,
Guerrero Negro,GRN,Baja California Sur,Mexico,28.0377,-113.9787,21,2016-,,,,http://areas.geofisica.unam.mx/solarimetrico/estaciones.html,,,,
Ixmiquilpan,IXM,Hedalgo,Mexico,20.4955,-99.181,1761,2016-,,,,http://areas.geofisica.unam.mx/solarimetrico/estaciones.html,,,,
Morelos ,Mor,Quintana Roo,Mexico,19.759,-88.7243,17,2017-,,,,http://areas.geofisica.unam.mx/solarimetrico/estaciones.html,,,,
Nuevo Laredo,NVL,Tamaulipas,Mexico,27.4526,-99.5185,128,2017-,,,,http://areas.geofisica.unam.mx/solarimetrico/estaciones.html,,,,
Selegua ,SEL,Chiapas,Mexico,15.7839,-91.9902,598,2017-,,,,http://areas.geofisica.unam.mx/solarimetrico/estaciones.html,,,,
Tepic,TEP,Nayarit,Mexico,21.4916,-104.8947,959,2016-,,,,http://areas.geofisica.unam.mx/solarimetrico/estaciones.html,,,,
Zacatecas City,ZAC,Zacatecas ,Mexico,22.7725,-102.6436,2316,2015-,,,,http://areas.geofisica.unam.mx/solarimetrico/estaciones.html,,,,
Hermosillo,HMO,Sonora,Mexico,29.0279,-111.1456,157,2018-,,,,http://areas.geofisica.unam.mx/solarimetrico/estaciones.html,,,,
Poprad-Ganovce,,,Slovakia,49.035,20.324,709,,Slovak Hydrometeorological Institute,,,,Upon request,1,Thermopile,G;B;D
Dobele,,,Latvia,56.62,23.32,42,,Latvian Environment Geology and Meteorology Centre (LEGMC),,,,,,,
Silutes,,,Lithuania,55.352,21.447,5,,Lithuanian Hydrometeorological Service (LHMS),,,,,,,
Kauno,,,Lithuania,54.884,23.836,77,,Lithuanian Hydrometeorological Service (LHMS),,,,,,,
Kishinev,,,Moldova,47,28.817,205,,ARG / Academy of Sciences of Moldova,,,,,,,
Tajoura,,,Libya,32.815147,13.438943,,,,,,,,,,
Heraklion,,Crete,Greece,35.31139,25.10174,95,,,Hellenic Mediterranean University,Tracked located on roof of building. Site also has spectral radiation measurements.,https://leps.hmu.gr/en/home/,Not available,1,Thermopile,
Mauna Loa,MLO,Hawaii,USA,19.5362,155.5763,3397,1976-,ABO,NOAA,Also downwelling long- and shortwave as well as spectral irradiance measurements.,https://gml.noaa.gov/obop/mlo/,Freely,1,Thermopile,G;B;D
Cape Matatula,SMO,Tutila Island,American Samoa,14.2474,170.5644,42,1976-,ABO,NOAA,Diffuse irradiance measurements first started in 1995.,https://gml.noaa.gov/obop/smo/,Freely,1,Thermopile,G;B;D
North Slope of Alaska,NSA,Alaska,USA,71.323,-156.609,8,1997-,ARM,,This site should note be confused with the NOAA Barrow site which is located ~1 km away. Radiation instruments are located at the Central Facility (Barrow),https://arm.gov/capabilities/observatories/nsa/locations/c1,Freely,1,Thermopile,G;B;D
SRRL BMS,BMS,Colorado,USA,39.742,-105.18,1828.8,1981-,NREL MIDC,NREL,The NREL Solar Radiation Research Laboratory (SRRL) operates the largest collection of pyranometers and pyrheliometers in the world. Regular calibration and cleaning.,https://midcdmz.nrel.gov/apps/sitehome.pl?site=BMS,Freely,1,Thermopile,G;B;D
SOLARTAC,STAC,Colorado,USA,39.75685,-104.62025,1674,2009-,NREL MIDC,,"Relatively good quality data, but somewhat inconsistent cleaning.",https://midcdmz.nrel.gov/apps/sitehome.pl?site=STAC,Freely,1,Thermopile,G;B;D
Flatirons M2,NWTC,Colorado,USA,39.9106,-105.2347,1855,2021-,NREL MIDC,NREL,Regular calibration and cleaning as of 2022.,https://midcdmz.nrel.gov/apps/sitehome.pl?site=NWTC,Freely,1,Thermopile,G;B;D
Casaccia Research Center,,Lazio,Italy,42.05,12.30,,2001-,,ENEA,"Since 2020 also has PAR,albedo,UVA,UVB,spectral",,,1,Thermopile,G;B;D
European Solar Test Installation - JRC,JRC,Ispra,Italy,45.81206,8.62706,220,1996-,,,,https://re.jrc.ec.europa.eu/meteo/meteo.php,Freely,1,Thermopile,G;B;D
Ricerca sul Sistema Energetico,RSE,Milan,Italy,45.47488,9.26001,150,2012-,,RSE,"Tracker is installed on the roof of a building (ground elevation is 108 m). The station also makes spectral measurement using a Spectrafy instrument.",,,1,Thermopile,G;B;D
University of Girona,,Catalonia,Spain,41.96,2.83,110,1993-,,,,https://www.udg.edu/en/grupsrecerca/Fisica-Ambiental/Estacio-Meteorologica/Informacio-general-sobre-lestacio,,1,Thermopile,G;B;D
Alamosa,SLV,Colorado,USA,37.70,-105.92,2317,2014-2016,SURFRAD,NOAA,,https://gml.noaa.gov/aftp/data/radiation/surfrad/,Freely,1,Thermopile,G;B;D
Rutland,RUT,Vermont,USA,43.64,-72.97,184,2014-2015,SURFRAD,NOAA,,https://gml.noaa.gov/aftp/data/radiation/surfrad/,Freely,1,Thermopile,G;B;D
Wasco,WAS,Oregon,USA,45.59,-120.67,200,2016,SURFRAD,NOAA,,https://gml.noaa.gov/aftp/data/radiation/surfrad/,Freely,1,Thermopile,G;B;D
Airai,,,Palau,7.368513,134.539830,47,2020-2022,PPA,,"Two GHI thermopile pyranometers (Hukseflux SR30-D1 and SR20-T2), a SPN-1, three reference cells, and a weather station.",https://energydata.info/dataset/palau-solar-radiation-measurement-data,Freely,2,SPN1,G
Efate,,,Vanuatu,-17.709738,168.211453,152,2020-2022,PPA,,"The station is located on the UNELCO wind farm on Efate Island, Vanuatu.",https://energydata.info/dataset/vanuatu-solar-radiation-measurement-data,Freely,2,SPN1,G
Nauru,,,Nauru,0.543447,166.931970,28,2020-2022,PPA,,,https://energydata.info/dataset/nauru-solar-radiation-measurement-data,Freely,2,SPN1,G
Chuuk,,,Federates States of Micronesia,7.467517,151.849834,4,2020-2022,PPA,,,https://energydata.info/dataset/federates-states-of-micronesia-solar-radiation-measurement-data,Freely,2,SPN1,G
Alotau,,,Papua New Guinea,-10.310113,150.337975,20,2020-2022,PPA,,,https://energydata.info/dataset/papua-new-guinea-solar-radiation-measurement-data,Freely,2,SPN1,G
Honiara,,,Solomon Islands,-9.438163,160.063212,4,2020-2022,PPA,,,https://energydata.info/dataset/solomon-islands-solar-radiation-measurement-data,Freely,2,SPN1,G
Majuro,,,Marshall Islands,7.065048,171.268887,5,2020-2022,PPA,,,https://energydata.info/dataset/marshall-islands-solar-radiation-measurement-data,Freely,2,SPN1,G
Funafuti,,,Tuvalu,-8.525087,179.1963230,0,2020-2022,PPA,,,https://energydata.info/dataset/tuvalu-solar-radiation-measurement-data,Freely,2,SPN1,G
Lari Tal Amara,LBAMA,,Lebanon,33.85679,35.98659,935,2019-2021,,World Bank,,https://energydata.info/dataset/lebanon-solar-radiation-measurements,Freely,2,RSI,G
Ras Ballbak,LBRAS,,Lebanon,34.272946,36.4270535,910,2019-2021,,World Bank,,https://energydata.info/dataset/lebanon-solar-radiation-measurements,Freely,2,RSI,G
Wien,,,Austria,48.25,16.36,198,2011-,ARAD,ZAMG,,https://www.zamg.ac.at/cms/de/klima/klimaforschung/datensaetze/arad,Upon request,1,Thermopile,G;B;D
Graz,,,Austria,47.08,15.45,398,2011-,ARAD,ZAMG,,https://www.zamg.ac.at/cms/de/klima/klimaforschung/datensaetze/arad,Upon request,1,Thermopile,G;B;D
Innsbruck,,,Austria,47.26,11.38,578,2011-,ARAD,ZAMG,,https://www.zamg.ac.at/cms/de/klima/klimaforschung/datensaetze/arad,Upon request,1,Thermopile,G;B;D
Kanzelhöhe,,,Austria,46.68,13.90,1540,2013-,ARAD,ZAMG,,https://www.zamg.ac.at/cms/de/klima/klimaforschung/datensaetze/arad,Upon request,1,Thermopile,G;B;D
Kathmandu-Lalitpur,NP-Kat,,Nepal,27.68155,85.31877,1315,2018-2020,ESMAP,World Bank,"Station was handed off to the Alternative Energy Promotion Center (AEPC) after the initial campaign and may still be in operation.",https://energydata.info/dataset/nepal-solar-radiation-measurement-data,Freely,1,Thermopile,G;B;D
Dharan,NP-Dha,,Nepal,26.79291,87.29263,310,2018-2020,ESMAP,World Bank,"Station was handed off to the Alternative Energy Promotion Center (AEPC) after the initial campaign and may still be in operation.",https://energydata.info/dataset/nepal-solar-radiation-measurement-data,Freely,1,Thermopile,G;B;D
Lumle,NP-Lum,,Nepal,28.29666,83.81800,1750,2018-2020,ESMAP,World Bank,"Station was handed off to the Alternative Energy Promotion Center (AEPC) after the initial campaign and may still be in operation.",https://energydata.info/dataset/nepal-solar-radiation-measurement-data,Freely,1,Thermopile,G;B;D
Nepalgunj,NP-Npg,,Nepal,28.11290,81.58900,150,2018-2020,ESMAP,World Bank,"Station was handed off to the Alternative Energy Promotion Center (AEPC) after the initial campaign and may still be in operation.",https://energydata.info/dataset/nepal-solar-radiation-measurement-data,Freely,1,Thermopile,G;B;D
Jumla,NP-Jum,,Nepal,29.27237,82.19351,2368,2018-2020,ESMAP,World Bank,"Station was handed off to the Alternative Energy Promotion Center (AEPC) after the initial campaign and may still be in operation.",https://energydata.info/dataset/nepal-solar-radiation-measurement-data,Freely,1,Thermopile,G;B;D
Davos,DAV,,Switzerland,46.8130,9.8440,1610,2000-,,MeteoSwiss,"GHI started in 1995, DNI in 2000, and diffuse in 2003.",https://www.meteoswiss.admin.ch/home/climate/swiss-climate-in-detail/radiation-monitoring.html,Upon request,1,Thermopile,G;B;D
Jungfraujoch,JUN,,Switzerland,46.5500,7.9900,3582,1996-,,MeteoSwiss,"No diffuse measurements due to too hars meteorological conditions.",https://www.meteoswiss.admin.ch/home/climate/swiss-climate-in-detail/radiation-monitoring.html,Upon request,1,Thermopile,G;B;D
Locarno-Monti,OTL,,Switzerland,46.1800,8.7830,366,2000-,,MeteoSwiss,"GHI from 1996, DNI from 2000, and diffuse from 2001.",https://www.meteoswiss.admin.ch/home/climate/swiss-climate-in-detail/radiation-monitoring.html,Upon request,1,Thermopile,G;B;D
Amitie,amitie,,Seychelles,-4.321022,55.693361,3,2019-,IOS-net,,UV radiation is also measured.,https://doi.org/10.5281/zenodo.4408667,Freely,2,SPN1
Anse Boileau,anseboileau,,Seychelles,-4.710958,55.484732,2,2019-,IOS-net,,UV radiation is also measured.,https://doi.org/10.5281/zenodo.4408665,Freely,2,SPN1
Antananarivo,antananarivo,,Madagascar,-18.89833,47.546422,1309,2019-,IOS-net,,UV radiation is also measured.,https://doi.org/10.5281/zenodo.4408673,Freely,2,SPN1
Bras Panon Moreau,braspanonmoreau,,La Reunion,-21.002649,55.682897,20,2010-2014,IOS-net,,UV radiation is also measured.,https://doi.org/10.5281/zenodo.7092821,Freely,2,SPN1
Caverne Dufour,cavernedufour,,La Reunion,-21.109176,55.495655,2495,2021-,IOS-net,,UV radiation is also measured.,https://doi.org/10.5281/zenodo.5812546,Freely,2,SPN1
Cilaos Bras Sec,cilaosbrassec,,La Reunion,-21.141754,55.489703,1269,2012-2013,IOS-net,,UV radiation is also measured.,https://doi.org/10.5281/zenodo.7092842,Freely,2,SPN1
Cilaos Piscine,cilaospiscine,,La Reunion,-21.136158,55.47416,1213,2013-2016,IOS-net,,UV radiation is also measured.,https://doi.org/10.5281/zenodo.7092835,Freely,2,SPN1
Cilaos Thermes,cilaosthermes,,La Reunion,-21.12894,55.47332,1255.8,2012-2013,IOS-net,,UV radiation is also measured.,https://doi.org/10.5281/zenodo.7092847,Freely,2,SPN1
Cratere Bory,craterebory,,La Reunion,-21.244138,55.709018,2584.2,2016-2021,IOS-net,,UV radiation is also measured.,https://doi.org/10.5281/zenodo.7092849,Freely,2,SPN1
Antsiranana (Diego Suarez),diego,,Madagascar,-12.348602,49.293412,108,2019-,IOS-net,,UV radiation is also measured.,https://doi.org/10.5281/zenodo.4408675,Freely,2,SPN1
Durban,durban,,South Africa,-29.87098,30.97695,150,2013-2018,IOS-net,,UV radiation is also measured.,https://doi.org/10.5281/zenodo.7092844,Freely,2,SPN1
Hahaya,hahaya,,Comores,-11.539412,43.278112,32,2019-,IOS-net,,UV radiation is also measured.,https://doi.org/10.5281/zenodo.4408671,Freely,2,SPN1
Le Port Barbusse,leportbarbusse,,La Reunion,-20.934157,55.30779,16.96,2010-2021,IOS-net,,UV radiation is also measured.,https://doi.org/10.5281/zenodo.7092858,Freely,2,SPN1
Le Port Mairie,leportmairie,,La Reunion,-20.935233,55.290266,12,2015-,IOS-net,,UV radiation is also measured.,https://doi.org/10.5281/zenodo.7092855,Freely,2,SPN1
Radio Telescope Bras D'Eau,mrtbrasdeau,,Mauritius,-20.139386,57.726052,27,2015-,IOS-net,,UV radiation is also measured.,https://doi.org/10.5281/zenodo.4408660,Freely,2,SPN1
Observatoire du Piton de La Fournaise,observatoirevolcan,,La Reunion,-21.208587,55.571453,1556,2016-2018,IOS-net,,UV radiation is also measured.,https://doi.org/10.5281/zenodo.7092871,Freely,2,SPN1
Ouani,ouani,,Comores,-12.132659,44.42928,20,2019-,IOS-net,,UV radiation is also measured.,https://doi.org/10.5281/zenodo.4408669,Freely,2,SPN1
Piton des Neiges,pitondesneiges,,La Reunion,-21.09559639,55.48030484,2990,2021-,IOS-net,,UV radiation is also measured.,https://doi.org/10.5281/zenodo.7092867,Freely,2,SPN1
Plaine des Palmistes Parc National,plaineparcnational,,La Reunion,-21.1367,55.6241,1057,2018-,IOS-net,,UV radiation is also measured.,https://doi.org/10.5281/zenodo.4408677,Freely,2,SPN1
Reserve Francois Leguat,reservetortues,,Mauritius,-19.757625,63.37075,36,2017-,IOS-net,,UV radiation is also measured.,https://doi.org/10.5281/zenodo.4001619,Freely,2,SPN1
Sainte Rose Mairie,sainterosemairie,,La Reunion,-21.127324,55.793136,24,2013-2016,IOS-net,,UV radiation is also measured.,https://doi.org/10.5281/zenodo.7092890,Freely,2,SPN1
Saint Joseph Marie,saintjosephmairie,,La Reunion,-21.379077,55.619688,36,2013-2015,IOS-net,,UV radiation is also measured.,https://doi.org/10.5281/zenodo.7092888,Freely,2,SPN1
Saint Louis Lycee Jean Joly,saintlouisjeanjoly,,La Reunion,-21.271391,55.43558,152,2016-,IOS-net,,UV radiation is also measured.,https://doi.org/10.5281/zenodo.7092894,Freely,2,SPN1
University of La Reunion Moufia,urmoufia,,La Reunion,-20.90146,55.483593,96,2008-,IOS-net,,UV radiation is also measured.,https://doi.org/10.5281/zenodo.7092910,Freely,2,SPN1
University of La Reunion Tampon,urtampon,,La Reunion,-21.269277,55.50702,553,2012-2014,IOS-net,,UV radiation is also measured.,https://doi.org/10.5281/zenodo.7092912,Freely,2,SPN1
Vacoas,vacoas,,Mauritius,-20.297095,57.496918,431,2019-,IOS-net,,UV radiation is also measured.,https://doi.org/10.5281/zenodo.4408662,Freely,2,SPN1
HBKU-B2,B2,,Qatar,25.32,51.42,,2012-2017&2021-,QEERI,QEERI,,https://www.hbku.edu.qa/en/qeeri/energy-center,Upon request,1,Thermopile,G;B;D
Al Kharsaah,Kha,,Qatar,25.22,51,,2019-,QEERI,QEERI,,https://www.hbku.edu.qa/en/qeeri/energy-center,Upon request,1,Thermopile,G;B;D
Abu Samra,Abu,,Qatar,24.75,50.82,,2020-,QEERI,QEERI,,https://www.hbku.edu.qa/en/qeeri/energy-center,Upon request,1,Thermopile,G;B;D
Al Batna,Bat,,Qatar,25.1,51.17,,2020-,QEERI,QEERI,,https://www.hbku.edu.qa/en/qeeri/energy-center,Upon request,1,Thermopile,G;B;D
Al Ghuwayriyah,Ghu,,Qatar,25.84,51.27,,2020-,QEERI,QEERI,,https://www.hbku.edu.qa/en/qeeri/energy-center,Upon request,1,Thermopile,G;B;D
Al Jumayliyah,Jum,,Qatar,25.61,51.08,,2020-,QEERI,QEERI,,https://www.hbku.edu.qa/en/qeeri/energy-center,Upon request,1,Thermopile,G;B;D
Al Karaanah,Kar,,Qatar,25.01,51.04,,2020-,QEERI,QEERI,,https://www.hbku.edu.qa/en/qeeri/energy-center,Upon request,1,Thermopile,G;B;D
Al Shehaimiyah,She,,Qatar,25.86,50.96,,2020-,QEERI,QEERI,,https://www.hbku.edu.qa/en/qeeri/energy-center,Upon request,1,Thermopile,G;B;D
Al Wakrah,Wak,,Qatar,25.19,51.62,,2020-,QEERI,QEERI,,https://www.hbku.edu.qa/en/qeeri/energy-center,Upon request,1,Thermopile,G;B;D
Dukhan,Duk,,Qatar,25.41,50.76,,2020-,QEERI,QEERI,,https://www.hbku.edu.qa/en/qeeri/energy-center,Upon request,1,Thermopile,G;B;D
Turayna,Tur,,Qatar,24.74,51.21,,2020-,QEERI,QEERI,,https://www.hbku.edu.qa/en/qeeri/energy-center,Upon request,1,Thermopile,G;B;D
Al Khor,Kho,,Qatar,25.66,51.46,,2020-,QEERI,QEERI,,https://www.hbku.edu.qa/en/qeeri/energy-center,Upon request,1,Thermopile,G;B;D
Al Shahaniya,Sha,,Qatar,25.39,51.11,,2020-,QEERI,QEERI,,https://www.hbku.edu.qa/en/qeeri/energy-center,Upon request,1,Thermopile,G;B;D;UV;IR
Ghasham Farm,Gha,,Qatar,24.85,51.27,,2020-,QEERI,QEERI,,https://www.hbku.edu.qa/en/qeeri/energy-center,Upon request,1,Thermopile,G;B;D
Sudanthile,Sud,,Qatar,24.63,51.06,,2020-,QEERI,QEERI,,https://www.hbku.edu.qa/en/qeeri/energy-center,Upon request,1,Thermopile,G;B;D;UV;IR
Jang Bogo,JBS,,Antarctica,-74.3719,164.1344,26,2015-,,KOPRI-CNR,,,,1,Thermopile,G;B;D
Plataforma Solar de Almeria,METAS,,Spain,37.09165,-2.36355,494,2005-,,CIEMAT,,https://www.psa.es/en/facilities/meteo/meteo.php,,1,Thermopile,G;B;D;UV;IR
Hamm-Lippstadt University of Applied Science,HSHL,,Germany,51.682,7.843,60,2016-,,Hamm-Lippstadt University,,https://www.hshl.de/forschung-unternehmen/forschungsprojekte/meteorologische-messstation/,,2,Thermopile;RSI,G;RSI
Alice Springs,,Northern Territory,Australia,-23.762361,133.875389,,2019-,,DKA Solar Centre,Parameters sampled at 1-second intervals and averaged at 5-second intervals,https://dkasolarcentre.com.au/locations/nt-solar-resource/alice-springs-2,Freely,2,Thermopile,G;B
Tennant Creek,,Northern Territory,Australia,-19.679500, 134.261500,,2019-,,DKA Solar Centre,Parameters sampled at 1-second intervals and averaged at 5-second intervals,https://dkasolarcentre.com.au/locations/nt-solar-resource/tennant-creek,Freely,2,Thermopile,G;B
Katherine,,Northern Territory,Australia,-14.474694, 132.305083,,2019-,,DKA Solar Centre,Parameters sampled at 1-second intervals and averaged at 5-second intervals,https://dkasolarcentre.com.au/locations/nt-solar-resource/katherine,Freely,2,Thermopile,G;B
Artigas Airport,ARM,,Uruguay,-30.3984,-56.5117,136,2011-,,Uruguay Solar Energy Laboratory,,http://les.edu.uy/en/rmcis-en/,,1,Thermopile,G;B;D
Salto Grande,LES,,Uruguay,-31.2827,-57.9181,56,2015-,,Uruguay Solar Energy Laboratory,,http://les.edu.uy/en/rmcis-en/,,1,Thermopile,G;B;D;UV;IR
EE Palo a Pique,PPI,,Uruguay,-33.2581,-54.4804,26,2016-,,Uruguay Solar Energy Laboratory,,http://les.edu.uy/en/rmcis-en/,,2,Thermopile,G;D
Las Brujas,LBI,,Uruguay,-34.6720,-56.3401,38,2010-,,Uruguay Solar Energy Laboratory,,http://les.edu.uy/en/rmcis-en/,,2,Thermopile,G;D
EE La Magnolia,TAI,,Uruguay,-31.7090,-55.8269,142,2015-,,Uruguay Solar Energy Laboratory,,http://les.edu.uy/en/rmcis-en/,,2,Thermopile,G;D
Cuiabá,CBA,,Brazil,-15.5553,-56.0700,185,2006-2012,SONDA,INPE,No photos or instument info was provided,http://sonda.ccst.inpe.br/basedados/cuiaba.html,Freely,,,G;D
Campo Grande,CGR,,Brazil,-20.4383,-54.5383,677,2004-2016,SONDA,INPE,Diffuse is measured with a shadowband,http://sonda.ccst.inpe.br/basedados/campogrande.html,Freely,2,Thermopile,G;D
Palmas,PMA,,Brazil,-10.1778,-48.3619,216,2005-2016,SONDA,INPE,Diffuse is measured with a shadowband,http://sonda.ccst.inpe.br/basedados/palmas.html,Freely,2,Thermopile,G;D
São Luiz,SLZ,,Brazil,-2.5933,-44.2122,40,2007-2019,SONDA,INPE,No maintenance between 2016-2017. Diffuse is measured with a shadowband,http://sonda.ccst.inpe.br/basedados/saoluiz.html,Freely,2,Thermopile,G;D
Caicó,CAI,,Brazil,-6.4669,-37.0847,176,2002-2019,SONDA,INPE,No maintenance between 2016-2017,http://sonda.ccst.inpe.br/basedados/caico.html,Freely,2,Thermopile,G;B;IR
Natal,NAT,,Brazil,-5.8367,-35.2064,58,2007-2019,SONDA,INPE,No maintenance between 2016-2017. Diffuse is measured with a shadowband,http://sonda.ccst.inpe.br/basedados/natal.html,Freely,2,Thermopile,G;D
Cachoeira Paulista,CPA,,Brazil,-22.6896,-45.0062,574,2014-2019,SONDA,INPE,No maintenance between 2016-2017. No photos or instument info was provided,http://sonda.ccst.inpe.br/basedados/cachoeira.html,Freely,,,G;B;D
Joinville,JOI,,Brazil,-26.2525,-48.8578,48,2009-2015,SONDA,INPE,No photos or instument info was provided,http://sonda.ccst.inpe.br/basedados/joinville.html,Freely,,,G;D
Sombrio,SBR,,Brazil,-29.0956,-49.8133,15,2004-2016,SONDA,INPE,No photos or instument info was provided,http://sonda.ccst.inpe.br/basedados/sombrio.html,Freely,,,G;D
Ourinhos,ORN,,Brazil,-22.9486,-49.8942,446,2006-2019,SONDA,INPE,No maintenance between 2016-2017. Diffuse is measured with a shadowband,http://sonda.ccst.inpe.br/basedados/ourinhos.html,Freely,2,Thermopile,G;D
Abha,,,Saudi Arabia,18.23,42.66,2039,1998-2003,,NREL;KACST,,https://www.nrel.gov/grid/solar-resource/saudi-arabia.html,Freely,1,Thermopile,G;B;D
Al-ahsa,,,Saudi Arabia,25.30,49.48,178,1998-2003,,NREL;KACST,,https://www.nrel.gov/grid/solar-resource/saudi-arabia.html,Freely,1,Thermopile,G;B;D
Gizan,,,Saudi Arabia,16.90,42.58,7,1998-2003,,NREL;KACST,,https://www.nrel.gov/grid/solar-resource/saudi-arabia.html,Freely,1,Thermopile,G;B;D
Qassim,,,Saudi Arabia,26.31,43.77,647,1998-2003,,NREL;KACST,,https://www.nrel.gov/grid/solar-resource/saudi-arabia.html,Freely,1,Thermopile,G;B;D
Jeddah,,,Saudi Arabia,21.68,39.15,4,1998-2003,,NREL;KACST,,https://www.nrel.gov/grid/solar-resource/saudi-arabia.html,Freely,1,Thermopile,G;B;D
Al-Madinah,,,Saudi Arabia,24.55,39.70,626,1998-2003,,NREL;KACST,,https://www.nrel.gov/grid/solar-resource/saudi-arabia.html,Freely,1,Thermopile,G;B;D
Al-qaisumah,,,Saudi Arabia,28.32,46.13,358,1998-2003,,NREL;KACST,,https://www.nrel.gov/grid/solar-resource/saudi-arabia.html,Freely,1,Thermopile,G;B;D
Sharurah,,,Saudi Arabia,17.47,47.11,725,1998-2003,,NREL;KACST,,https://www.nrel.gov/grid/solar-resource/saudi-arabia.html,Freely,1,Thermopile,G;B;D
Al-Jouf,,,Saudi Arabia,29.79,40.10,669,1998-2003,,NREL;KACST,,https://www.nrel.gov/grid/solar-resource/saudi-arabia.html,Freely,1,Thermopile,G;B;D
Tabouk,,,Saudi Arabia,28.38,36.61,768,1998-2003,,NREL;KACST,,https://www.nrel.gov/grid/solar-resource/saudi-arabia.html,Freely,1,Thermopile,G;B;D
Wadi Al-Dawaser,,,Saudi Arabia,20.44,44.68,701,1998-2003,,NREL;KACST,,https://www.nrel.gov/grid/solar-resource/saudi-arabia.html,Freely,1,Thermopile,G;B;D
Evora;Mitra,,,Portugal,38.531,-8.011,220,2014-,,University of Évora,,,,1,Thermopile,G;B;D
Badajoz,,,Spain,38.886028,-7.009250,190,2008-,,University of Extremadura,,,,1,Thermopile,G;B;D
Varennes,,Quebec,Canda,45.62650,-73.38203,22,1995-,,Natural Resources Canada,"Complete station upgrade in 2017. Prior to 2017, station was rather unreliable and maintenance was less rigorous. Spectral radiation measurements using Spectrafy sensors also available.",,Upon request,1,Thermopile,G;B;D
Shagaya,,,Kuwait,29.2099,47.0603,241,2012-,,KISR,,,,1,Thermopile;RSI,G;B;D;RSI
Kabed,,,Kuwait,29.173152,47.728054,76,2012-,,KISR,,,,1,Thermopile;RSI,G;B;D;RSI
Mutribah,,,Kuwait,29.90,47.28,,2012-,,KISR,Location is approximate,,,2,Thermopile;RSI,G;RSI
Sabryia,,,Kuwait,29.67,47.93,,2012-,,KISR,Location is approximate,,,2,Thermopile;RSI,G;RSI
Gudair,,,Kuwait,28.88,47.71,,2012-,,KISR,Location is approximate,,,2,Thermopile;RSI,G;RSI
Arctic Space Centre Sodankylä,,,Finland,67.36664,26.628253,195,2016-,,FMI,"Data is likely of poor quality.",https://litdb.fmi.fi/soundingst_radiation.php,Freely,1,Thermopile,G;B;D
Odeillo,,,France,42.4942,2.0295,1530,1996-?,,PROMES,Altitude is approximate,,,1,Thermopile,G;B;D
Nevada Regional Test Center,RTC-NV,Nevada,USA,36.0277,-114.9195,701,2014-,DOE RTC,US DOE,,https://rtc.sandia.gov/about-the-us-doe-regional-test-centers/rtc-fact-sheets/,Not available,1,Thermopile,G;B;D
New Mexico Regional Test Center,RTC-NM,New Mexico,USA,35.0542,-106.5385,1659,2014-,DOE RTC,US DOE,,https://rtc.sandia.gov/about-the-us-doe-regional-test-centers/rtc-fact-sheets/,Not available,1,Thermopile,G;B;D
Florida Regional Test Center,RTC-FL,Florida,USA,28.40509,-80.7709,10,2014-,DOE RTC,US DOE,,https://rtc.sandia.gov/about-the-us-doe-regional-test-centers/rtc-fact-sheets/,Not available,1,Thermopile,G;B;D
Vermont Regional Test Center,RTC-VT,Vermont,USA,44.4665,-73.1024,107,2014-2020,DOE RTC,US DOE,,https://rtc.sandia.gov/about-the-us-doe-regional-test-centers/rtc-fact-sheets/,Not available,1,Thermopile,G;B;D
Colorado Regional Test Center,RTC-CO,Colorado,USA,39.7407,-105.1771,1783,2014-,DOE RTC,US DOE,,https://rtc.sandia.gov/about-the-us-doe-regional-test-centers/rtc-fact-sheets/,Not available,1,Thermopile,G;B;D
Michigan Regional Test Center,RTC-MI,Michigan,USA,47.1699,-88.5061,336,2021-,DOE RTC,US DOE,,https://rtc.sandia.gov/about-the-us-doe-regional-test-centers/rtc-fact-sheets/,Not available,1,Thermopile,G;B;D
Barrani,,,Egypt,31.60,26.00,23.7,2004-,,Egyptian Meteorological Authority (EMA),Data from 2004-2010 can be downloaded from http://www.pangaea.de/ using the unique identifier "doi:10.1594/PANGAEA.848804",,Freely,2,Thermopile,G;D
Matruh,,,Egypt,31.33,27.22,25,,2004-,,Egyptian Meteorological Authority (EMA),Data from 2004-2010 can be downloaded from http://www.pangaea.de/ using the unique identifier "doi:10.1594/PANGAEA.848804",,Freely,2,Thermopile,G;D
El-Arish,,,Egypt,31.08,33.82,27.2,2004-,,Egyptian Meteorological Authority (EMA),Data from 2004-2010 can be downloaded from http://www.pangaea.de/ using the unique identifier "doi:10.1594/PANGAEA.848804",,Freely,2,Thermopile,G;D
Cairo,,,Egypt,30.08,31.28,34.4,2004-,,Egyptian Meteorological Authority (EMA),Data from 2004-2010 can be downloaded from http://www.pangaea.de/ using the unique identifier "doi:10.1594/PANGAEA.848804",,Freely,1,Thermopile,G;B;D
El-Kharga,,,Egypt,25.45,30.53,77.8,2004-,,Egyptian Meteorological Authority (EMA),Data from 2004-2010 can be downloaded from http://www.pangaea.de/ using the unique identifier "doi:10.1594/PANGAEA.848804",,Freely,2,Thermopile,G;D
El-Farafra,,,Egypt,27.06,27.99,82.2,2004-,,Egyptian Meteorological Authority (EMA),Data from 2004-2010 can be downloaded from http://www.pangaea.de/ using the unique identifier "doi:10.1594/PANGAEA.848804",,Freely,1,Thermopile,G;B;D
Asyut,,,Egypt,27.2,31.17,52,2004-,,Egyptian Meteorological Authority (EMA),Data from 2004-2010 can be downloaded from http://www.pangaea.de/ using the unique identifier "doi:10.1594/PANGAEA.848804",,Freely,2,Thermopile,G;D
Aswan,,,Egypt,23.97,32.78,192.5,2004-,,Egyptian Meteorological Authority (EMA),Data from 2004-2010 can be downloaded from http://www.pangaea.de/ using the unique identifier "doi:10.1594/PANGAEA.848804",,Freely,1,Thermopile,G;B;D